Year,base,ac_m_fb_n_imp,ac_m_google_n_imp,ac_m_linkedin_l_clk,ac_m_youtube_n_clk_alpha0_beta1,ac_m_google_n_clk_alpha1_beta0,ac_m_trade_desk_l_clk_alpha1_beta1,ac_m_linkedin_l_clk_alpha1_beta1,ac_branch_prospect_visits,ac_gqv_n_actra_gix,ac_ec_psavert,ac_ec_is_bull,ac_trend,ac_s_index_weekly
2020,40199.729147437036,1926.909503514751,1657.0754514824841,493.71523092202085,838.618276404631,2065.614620007011,2728.254230808357,499.450500224538,803.5204863437705,4622.8517492630435,292.2741067357796,665.1716190657751,457.3893957617344,4141.425682029067
2021,40199.729147437036,1596.2149340661254,1452.3991884977052,769.4533765654767,830.3915054794527,1147.7437965364534,2365.785554978561,778.229615572256,1331.6876842476588,4216.527526296313,223.4595221017178,974.4315038851847,1455.0911189040773,4599.855525431982
2022,40199.729147437036,153.8362818817899,1499.8893835339538,1082.1448660986548,757.235827949255,900.6033425340751,1859.904669476812,1092.2482726842627,1652.7127140629568,3085.289245347178,5.178858094525715,383.75368412339833,2590.7347529169238,4368.738953859175
