Year,base,ac_m_google_n_clk_alpha1_beta0,ac_m_trade_desk_l_clk_alpha1_beta0,ac_m_linkedin_l_clk_alpha0_beta0,ac_m_fb_n_clk,ac_m_youtube_n_clk,ac_branch_prospect_visits,ac_web_new_customer_logins,ac_ec_tbill_3m,ac_ec_is_bull,ac_ec_psavert,ac_branch_employee_count
2020,-5256.098333853477,3322.2773367283767,14110.662528191711,1164.1731345581888,0.0,394.29658332066964,927.5405322453407,2073.009656660977,1114.6890374540485,1281.5367516984895,6500.404645498427,512.5081274972481
2021,-5256.098333853477,1673.8854325140246,10649.267197168263,1794.973805585952,0.0,337.2651029425313,1410.745561489064,9201.870447860329,108.01990500951129,1712.9573758143,4530.327320478728,1748.786184990773
2022,-5256.098333853477,1486.3130020723734,10562.486951631035,2555.2893982844903,0.0,371.41185315751585,2017.7419888011477,387.6644232862361,7697.348640477287,696.4531009857653,128.23038569519915,8718.158589462426
