Year,base,ac_m_google_n_imp_alpha0_beta0,ac_m_linkedin_l_clk_alpha1_beta0,ac_m_fb_n_imp_adstk_alpha1_beta0,ac_m_trade_desk_l_clk_adstk_alpha0_beta1,ac_m_youtube_n_clk_adstk_alpha0_beta0,ac_web_new_customer_logins,ac_gqv_n_actra_gix,ac_ec_is_bull,ac_ec_tbill_3m,ac_ec_psavert,ac_trend
2020,37657.21721206196,3422.591946719715,596.1051454950447,0.0,10470.144662155531,966.5577708651512,577.6128804206287,8799.659326257894,258.2081299652896,0.0,0.0,1157.902192917632
2021,37657.21721206196,3396.6432096203125,1021.0303977425924,0.0,8770.048739324047,929.5363032932556,4072.5593371334876,7274.071139340789,345.1246731210359,0.0,0.0,3486.004928666163
2022,37657.21721206196,3576.907654392356,1320.3073485260063,0.0,7076.761228527939,811.8757025748911,-52.29412905543199,5527.204168668157,137.32458742830357,0.0,0.0,6057.833365353466
