Year,base,ac_m_linkedin_l_clk,ac_m_fb_n_imp_adstk,ac_m_bing_l_imp_adstk,ac_m_trade_desk_l_clk_adstk_alpha1_beta1,ac_m_google_n_clk_alpha0_beta0,ac_m_youtube_n_clk_alpha0_beta0,ac_branch_prospect_visits,ac_ec_tbill_3m,ac_branch_employee_count,ac_ec_psavert,ac_trend,ac_s_index_weekly,ac_web_new_customer_logins
2020,99381.259250815,2987.0018974639634,8021.34369630453,13584.32342203976,16138.640103703954,5934.948953051105,714.2652984382305,1516.4737889595115,270.4117952715376,733.4851810033664,2608.1388572349542,499.1080142577,15491.7041894524,1876.8955520039913
2021,99381.259250815,4867.75529299051,6070.64382872714,7727.311726609934,12822.993668515888,2960.9056704269447,664.031692818101,3380.9317246668993,26.03345277563608,1407.764108087612,1796.951285033345,1492.1499311191722,15652.166909726022,8023.101457687799
2022,99381.259250815,7501.281908797121,1402.133825633938,18978.6098380391,11249.234913904176,2529.138227815932,617.8729293509315,5098.457675867082,1948.926322575907,7324.282637752997,43.19122853975221,2826.7089018119423,16434.439195559524,513.4631435366032
