Year,base,ac_m_fb_n_imp,ac_m_google_n_clk,ac_m_google_n_imp,ac_m_youtube_n_clk,ac_m_trade_desk_l_clk,ac_m_linkedin_l_clk,ac_m_fb_n_imp_adstk,ac_m_google_n_clk_adstk,ac_m_youtube_n_clk_adstk,ac_m_google_n_clk_alpha0_beta0,ac_m_trade_desk_l_clk_alpha0_beta0,ac_m_linkedin_l_imp_alpha0_beta1,ac_m_google_n_clk_alpha1_beta0,ac_m_trade_desk_l_clk_alpha1_beta0,ac_m_linkedin_l_clk_alpha1_beta0,ac_m_trade_desk_l_clk_alpha1_beta1,ac_m_linkedin_l_imp_alpha1_beta1,ac_ec_tbill_3m,ac_web_new_customer_logins,ac_gqv_n_retire_gix,ac_ec_psavert
2020,15991.576036100016,4716.836175180691,451.991558440926,3426.3793424919068,709.2697588670999,991.1853247262977,242.85785230325763,1129.7758732551724,6778.821868516043,735.5905411552912,443.2418753893156,988.3921707959298,654.7865388712192,443.2418753893188,988.392170795936,244.48259762930996,938.7370515853536,654.7865388712205,344.56407799113396,250.9511272089915,7865.317077969084,6222.398638717151
2021,15991.576036100016,3357.5310303771153,230.97293749961835,2987.9418446144523,647.1424715989457,890.1862611240738,437.1154787993788,877.0556802915063,3725.5205770913462,672.6955547730381,229.3811643183936,887.6781994916512,1015.1520450062156,229.38116431839526,887.6781994916566,440.01231074599116,843.0908648420734,1015.1520450062177,33.07314971904647,1202.4038896426068,9735.33424246052,4103.2619915613805
2022,15991.576036100016,190.9367322786541,179.9104717315001,2983.4191140030875,558.8287559602493,634.8843647769637,561.0192193422997,195.2871439734701,2828.2498850633483,573.4695270832054,178.9980671689177,633.1326303285612,1668.4283414787387,178.998067168919,633.1326303285651,564.6954699771616,601.9547650608109,1668.4283414787421,2224.362836134075,84.48624921568664,9760.850109019566,103.97903295765623
