Year,base,ac_m_trade_desk_l_clk,ac_m_linkedin_l_clk,ac_m_google_n_imp_adstk,ac_m_youtube_n_imp_adstk,ac_m_bing_l_imp_adstk,ac_s_index_weekly,ac_gqv_n_actra_gix,ac_ec_is_bull,ac_ec_psavert,ac_web_new_customer_logins,ac_trend
2020,285616.5562432187,154080.15190614376,14359.546609343528,153804.38821567988,15749.825462222483,84497.00488145008,36205.025910654644,244065.3583885837,49655.356761589355,38004.52756865224,1242.0445826970292,84444.21346976463
2021,285616.5562432187,128472.42361370819,22770.12185081446,129994.54613298591,17732.538621796906,32614.51841068146,38083.40114784872,202835.6363176131,70801.83285546063,26257.110342541146,7485.587749318446,249459.7267140123
2022,285616.5562432187,58138.29096584865,25654.27130177329,125226.45731353965,24842.69218794833,66902.27491433342,36419.83091001479,146577.53972780114,25850.027668005478,710.1670998028094,216.095635528669,403746.7960321851
